Episode,Title,Type,Format,Told By,Speakers,Guest,Synopsis,Case Hook,Cold Open Concept,Story Source Attribution,Host Dynamic - Story Related,Host Dynamic - Personal Moments,Humor Beats,Horror Beats,Foundry Connection,Season Arc Role,Callbacks to Previous Episodes,Next Episode Tease,Tone Arc,Special Production Notes
1,"The Borman Lights",Fictional (presented ambiguously),Standalone,Carmen,2,None,"In 1997 multiple drivers on the Borman Expressway reported strange lights in the industrial corridor between Gary and Hammond. Two cars pulled over on the shoulder. One driver was never seen again. The case was written off as a prank by Hammond PD but Carmen has pulled together Reddit posts and community accounts that don't match the official story. The missing driver — a second-shift steelworker named Miguel Oros — left behind a car with the engine still running and the radio tuned to static.","A man pulls over to look at lights on the Borman and simply ceases to exist. His car was found running with the door open. No footprints leading away from the vehicle.","Sound of highway traffic at night — semis passing — then silence between trucks. Carmen's voice: 'His car was still running. Door open. Radio on. And that's it. That's all there was.' Nate: 'That can't be all there was.' Carmen: 'That's what I said.'","Carmen sourced this from a 2016 Reddit thread on r/UnresolvedMysteries (since deleted) cross-referenced with posts from a local Facebook group called 'NWI After Dark.' She also talked to a guy at her cousin's shop who claims he was driving the Borman that night. Nate is skeptical of every single source.","Carmen tells the story with oral-tradition energy — digressions and backtracking included. Nate keeps interrupting to ask for sourcing ('Who told you this?' 'A guy at a shop.' 'Which shop?' 'Does it matter?' 'YES.'). They disagree about whether the lights were industrial or something else entirely. Nate thinks there's a mundane explanation; Carmen thinks the mundane explanation is too convenient.","This is Episode 1 — the audience is meeting these two for the first time. Work in how they know each other naturally: Carmen mentions 'when you first moved here' and Nate references 'back when we were at IU.' Don't over-explain the relationship — let it emerge. Carmen ribs him about how long it took him to learn which highways go where. Nate admits he still uses GPS for the Borman interchange.","Carmen does an impression of the guy at her cousin's shop telling the story. She narrates the police report in a mock-serious newscaster voice. Nate's dry observation that 'the Borman Expressway is already terrifying without mysterious lights' gets a big laugh from Carmen.","The silence between passing trucks on the Borman at 2 AM. The image of a car running with the door open and no one around. The radio tuned to static. The industrial corridor at night — refineries burning off gas creating orange light against low clouds. Carmen describes the stretch of highway where it happened and it sounds like a liminal space.","Background only. One witness mentioned seeing lights 'near the old Meridian foundry.' Nate notes this as interesting but doesn't pursue it. Plant the seed — don't water it.","Establish hosts and their dynamic. Establish format: real geography + ambiguous events + hosts who disagree. Establish the alternating-storyteller model and the source-quality gap. Plant the first foundry seed so subtly that first-time listeners won't notice.","None — this is the pilot.",Nate: 'Carmen found something else this week. I haven't heard it yet. She says it's worse. She says that a lot.',"Starts casual and playful (hosts establishing rapport) → builds curiosity through Act 1 → tension increases in Act 2 as details accumulate → Act 3 delivers the gut-level creepiness of the open car → Outro is lighter as hosts process and banter.","First episode — everything is being established. The prompt needs to do heavy lifting on making the hosts feel like real people the audience wants to spend time with. Prioritize chemistry over case complexity. The case should be engaging but the hosts are the real hook."
2,"Bodies in the Basement (David Edward Maust)",Real,Standalone,Nate,2,None,"The real case of David Edward Maust — a serial killer who was released from prison MULTIPLE times despite a documented history of killing young men and burying them in basements. He killed at least five people across Indiana and other states. His final murders were in Michigan City IN in 2003 where he befriended and killed three teenage boys and buried them in his basement. The system failed catastrophically — he was a known killer who kept getting released. He eventually hanged himself in prison in 2006.","A known serial killer was released from prison repeatedly and kept killing. The system had every reason to keep him locked up and didn't. The incompetence is staggering — and the victims paid for it.","Nate's voice reading from an actual court document: 'The defendant has demonstrated a persistent and escalating pattern of predatory violence toward adolescent males. Recommendation: release with conditions.' Pause. Nate: 'They released him. He killed three more boys.' Carmen: '...I'm sorry what?'","Nate sourced this from court transcripts (Indiana DOC records) newspaper archives from the Michigan City News-Dispatch and the Post-Tribune and the actual parole board hearing documents he obtained through FOIA. He cross-referenced timelines against prison intake records. This is Nate at full research power.","Nate leads with methodical cinematic storytelling. Carmen's reactions are genuine and escalating — she starts with dark humor about the system's incompetence but gets progressively angrier as the scope of failure becomes clear. They agree on this one: the villain isn't just Maust it's the parole system. Carmen: 'So literally everyone whose job it was to keep this guy locked up just... didn't?' Nate: 'That's the story.' Carmen: 'THAT'S the story.'","Carmen makes a comment about how Nate's office wall of case files 'makes you look like a serial killer tracking serial killers' — callback to his wall of string-connected documents. Nate mentions he drives through Michigan City on his way to campus sometimes and it hits different now. Carmen asks if he's sleeping okay after this one. He deflects. She lets him.","Carmen's escalating disbelief at each parole decision ('They let him out AGAIN?!' — repeated with increasing volume each time). Dark humor aimed squarely at bureaucratic incompetence. Nate's deadpan reading of parole board language that sounds insane in context. Carmen: 'I want to speak to the manager of the Indiana prison system.'","The basement. The specificity of three boys buried under concrete. The fact that neighbors reported smells. The fact that Maust befriended his victims — the predatory patience of it. Michigan City at night. The ordinariness of the apartment building.","Seed only. Nate mentions in passing that Maust's first Indiana victim (an earlier murder) was last seen near the industrial corridor on the Gary/East Chicago border. He doesn't connect it to the foundry explicitly. Just geography. Carmen doesn't notice.","Establish that the show covers real verifiable crimes with serious research. Demonstrate Nate's investigative rigor and citation practice. Show the audience what a 'Nate episode' feels like vs. the Carmen episode they just heard. Plant a geographic seed near the foundry.","None directly. But the tonal contrast with Episode 1 is itself a statement: last week was ambiguous and spooky this week is documented and horrifying.",Carmen: 'Next week I'm bringing one. And before you ask — no I did not get it from a court transcript. I got it from a much more reliable source.' Nate: 'Which is?' Carmen: 'Reddit.' Nate: [silence],"Starts measured and clinical (Nate establishing the facts) → builds outrage through Act 2 as the parole failures compound → genuine anger from both hosts by Act 3 → Outro is more subdued — they need to decompress after this one.","This is the first 'Nate episode' so the audience is hearing his narration style for the first time at length. The prompt should emphasize his cinematic pacing and the contrast with Carmen's energy. Real case — all facts must be accurate and sourced."
3,"Shotgun Peterson",Real,Standalone,Nate,2,None,"The real case of a violent crime spree in NWI involving a suspect known as 'Shotgun Peterson.' A chaotic brutal series of events marked by staggering criminal incompetence and equally staggering system failures. The case lets Carmen's comedian side loose — the criminal's decision-making is so bad it's almost comedic — while Nate keeps grounding it in the real cost to real people.","The criminal incompetence is so extreme it circles back around to being terrifying — because this person was still able to hurt people despite being catastrophically bad at crime.","Sound of a shotgun racking. Then a long pause. Carmen's voice: 'So this is gonna be one of those episodes where I'm laughing and then I feel bad about laughing and then I'm laughing again.' Nate: 'That is exactly what this episode is.'","Nate sourced from local police records Post-Tribune archives and trial transcripts. He also found a local TV news segment from the era. Full Nate-level citations throughout.","Nate tells the story but keeps pausing to let Carmen react because her reactions are the episode. She goes on extended riffs about the suspect's terrible decision-making — full impersonation mode — while Nate waits with visible patience. They genuinely disagree about whether to feel sorry for the suspect (Carmen: no. Nate: slightly yes because of the systemic factors). Carmen: 'Stop trying to make me feel empathy for shotgun man.'","Carmen mentions that her tía Gloria actually remembers when this happened and had opinions about it — first reference to her family's deep roots in the community as a source of knowledge. Nate admits he hadn't heard of this case until six months into living in NWI which Carmen finds hilarious: 'You lived HERE and didn't know about SHOTGUN PETERSON?'","Carmen does a full extended riff on the criminal's series of terrible decisions — voices included. She riffs on the getaway route ('He went THAT way? On THAT road? At THAT time?'). Nate's dry footnotes to Carmen's comedy ('To be fair the road was under construction' / 'That detail isn't confirmed'). Carmen impersonating a local news anchor delivering the story.","The real human cost beneath the comedy — Nate makes sure the victims aren't forgotten. The specific NWI geography of the crimes grounds them in reality. The moment when the comedy drops and the violence is just violence.","While researching Nate found that one of Peterson's known associates worked at the Meridian foundry in the 1980s. He mentions it as a footnote. Carmen catches it: 'Why does that place keep coming up?' Nate plays it cool but he's noticed too.","Deepen NWI atmosphere. First DELIBERATE connection between a real case and the foundry. Show the comedy/tragedy balance. Establish that Carmen can be the funniest thing in the episode even when she's not the storyteller.","Carmen references 'the Borman Lights guy' from Episode 1 when discussing NWI geography — first cross-episode callback. The tonal range contrast with Episode 2 shows the audience the show can be different things.",Nate: 'Carmen has something for next week. She's been texting me about it at 2 AM.' Carmen: 'It's a two-parter.' Nate: 'She's never done a two-parter.' Carmen: 'I found tapes.',"Starts light and comedic → stays mostly funny through Act 1 and early Act 2 → takes a hard turn when the real violence hits → recovers with humor in the outro but the audience has felt the whiplash.","Balance episode — needs to be the funniest episode so far while also earning its dramatic moments. The comedy should make the horror hit harder not softer. This is the episode that proves the show can be both things at once."
4,"The Whiting Recordings Part 1",Fictional,Part 1 of 2,Carmen,2,None,"In 2003 a collection of cassette tapes was allegedly found in a condemned house in Whiting Indiana during demolition. The recordings contain a woman's voice — no name given — documenting increasingly strange occurrences in her neighborhood over several months. Sounds at night that don't match traffic or industry. People walking the block who don't belong and don't respond when spoken to. A white van that circles the neighborhood on a pattern — always between 2 and 4 AM. The woman sounds increasingly afraid. The tapes end abruptly mid-sentence on what would be Tape 6.","A woman documents her own disappearance in real time without knowing that's what she's doing. The tapes are her voice getting progressively more scared until it just stops.","Dead air. Then the sound of a cassette tape being inserted into a player — the mechanical click. A woman's voice slightly muffled with tape hiss: 'November 3rd. I'm recording this because I don't think anyone is going to believe me if I just tell them.' Carmen's voice: 'I found these. Or — someone sent them to me. It's complicated.'","Carmen says a listener DM'd her a link to a Craigslist post (now deleted) from someone in Whiting selling 'a box of weird tapes found during renovation.' The Craigslist poster claimed to have listened to the first two and gotten too creeped out to continue. Carmen tracked down the poster through Reddit — 'and before you say anything Nate I KNOW' — and got digital copies of the recordings. The chain of custody is terrible. The sourcing is a mess. The tapes are terrifying.","CRITICAL DYNAMIC SHIFT: This is the first time Carmen tells a story that genuinely scares her. She starts with her usual energy — 'okay so this is going to sound insane' — but her tone changes as she plays the recordings. She gets quieter. Nate notices. He shifts from skeptic to concerned — not about the case but about Carmen. He starts asking more careful questions. By the end Carmen is rattled and Nate is the one cracking a small joke to break tension (role reversal). Carmen: 'I don't like this one.' Nate: 'You brought it.' Carmen: 'I KNOW.'","This should be the first episode where their dating history comes up as a punchline. Early in the episode during light banter before the tapes: Carmen mentions being at Nate's apartment and seeing his research wall and Nate says something like 'You used to live there.' Carmen: 'We were nineteen. Moving on.' This establishes the backstory for new listeners without making it a big deal. Also: Carmen mentions her job in passing and immediately shuts it down — 'I don't want to talk about Merrillville.'","Front-loaded. The humor lives in the first 8 minutes — Carmen's setup of how she found the tapes is classic Carmen (the Craigslist rabbit hole / Nate's exasperation at the sourcing / Carmen defending 'Reddit forensics'). Humor drains out as the tapes play. A brief pressure-release joke from Nate in the middle of Act 2 ('This is the most organized thing you've ever done'). By Act 3 the humor is gone.","The tapes themselves. The woman's voice getting more scared across recordings. The specificity: she names the intersection she names the van's schedule she describes a figure standing across the street 'just standing there looking at the house.' The sounds she records at night — industrial but wrong somehow. The way Tape 6 cuts off.","REVEALED. Part 1 ends with Nate cross-referencing the condemned house's address with his own research. The house was three blocks from the Meridian foundry. Carmen: 'Wait.' Nate: 'Yeah.' Carmen: 'Nate.' Nate: 'I know.' CLIFFHANGER. End of episode.","First multi-episode arc. First time the foundry becomes impossible to ignore. First time Carmen's story connects to Nate's research. The walls between their storytelling domains start to blur.","Carmen references Ep 1 ('This is giving me Borman Lights energy'). Nate mentally connecting the foundry mentions from Eps 1 and 3 — he's been keeping a list.","No traditional tease — the cliffhanger IS the tease. The episode ends on the foundry revelation. Dead air. Then theme music. Maybe Carmen's voice under the credits: 'Part two next week. I need to talk to Nate about something first.'","Starts normal/light Carmen energy → creeping unease through Act 1 → genuine tension in Act 2 → by Act 3 the humor is gone and both hosts are unsettled → Cliffhanger ending with no resolution.","This is the episode where the show levels up. The audience came for banter and true crime; this is where they realize the show is doing something bigger. Carmen's tonal shift from comedian to genuinely scared storyteller needs to feel earned not forced. The cliffhanger should feel inevitable not cheap."
5,"The Whiting Recordings Part 2",Fictional,Part 2 of 2,Carmen,2,None,"Carmen finishes the tape story. She reveals what she's found about the woman on the recordings — pieced together from the Whiting Historical Society (Nate helped with this part) neighborhood interviews and more Reddit deep dives. The woman's name was (fictional) Elena Varga — second-generation Hungarian-American who worked at a pharmacy on Indianapolis Blvd. She reported the van to Whiting PD twice; both reports were filed and ignored. She stopped showing up to work in February 2004. No missing persons report was ever filed. No investigation. She simply stopped existing in the record. The van was registered to a company that traces back to a shell corp with an address at the Meridian foundry.","A woman reported her own stalking to police twice. They did nothing. She disappeared. No one filed a missing persons report. She simply fell through every crack in the system.","Recap cold open — Carmen's voice from last episode: 'I don't like this one.' Then Nate's voice present-day: 'I spent the last week looking into the address Carmen found. I wish I hadn't.' New tape audio — the woman's voice: 'The van came back. Same time. I watched it from the window. Someone got out this time.'","Same sourcing chain as Part 1 but now Nate has contributed research — he contacted the Whiting Historical Society and pulled property records for the condemned house and the van's registration. Carmen: 'See this is why we work. I find the weird stuff and you make it real.' Nate: 'I'm not sure real is the word I'd use.'","The dynamic shifts again. Now they're collaborating — Carmen's street-level sourcing and Nate's archival skills working together for the first time. This is the episode where the audience sees them as a real team not just two people talking past each other. The resolution is unsettling and ambiguous — they disagree about what happened to Elena (Carmen thinks the worst; Nate wants to believe there's another explanation) and for once the disagreement doesn't feel like banter. It feels like two people processing something awful.","After the heavy resolution there should be a moment in the outro where Carmen thanks Nate — sincerely not as a bit — for helping her with the research. He says 'That's what this is.' She says 'Yeah.' A beat of genuine warmth between them that the audience hasn't seen before. It's brief. Then she makes a joke and it's over. But it happened.","Minimal. A few pressure-release moments: Nate correcting Carmen's pronunciation of a street name ('It's Indianapolis Boulevard not Indianapolis BLVD' / 'That's literally the same thing'). Carmen's brief callback to her tía Gloria: 'My tía says she remembers the Vargas. She says they kept to themselves.' The humor is gentle not dark.","Elena's voice getting more afraid across the remaining tapes. The specificity of the van's schedule — someone was watching her on a PATTERN. The shell corporation. The empty lot where the house used to be. The fact that NO ONE reported her missing. Carmen visits the location and describes it: 'There's nothing here now. But there was something here.'","DIRECT AND EXPLICIT. The van's registration traces to a shell company with an address at the Meridian foundry. Carmen: 'Okay so the foundry thing — that's three times now.' Nate: 'I know. I've been looking into it.' The season arc is now visible to the audience.","The walls between 'Carmen's fictional world' and 'Nate's researched world' break down. The foundry becomes the meeting point. The season arc announces itself. The show's thesis becomes clear: some things fall through the cracks on purpose.","Direct sequel to Ep 4. Carmen references Nate's foundry mentions from Eps 1 and 3. The shell corporation discovery is the first time the foundry shifts from background detail to active plot element.","Nate: 'I've been spending some time looking into the Meridian foundry. Not for the show — just for me. I'll let you know what I find.' Carmen: 'You're scaring me professor.' Nate: 'Good. You should be paying attention.'","Starts tense (picking up from the cliffhanger) → methodical investigation energy through Act 1 → devastating reveal in Act 2 about Elena's disappearance → quiet reflective Act 3 as they process → Outro is warmer than expected. The hosts need each other after this one.","This resolution needs to feel EARNED. The audience waited a week for this. Don't rush the revelation about Elena. Let it build. The emotional weight should come from the systemic failure not the horror — a woman asked for help and nobody helped. That's the real horror."
6,"Belle Gunness — La Porte's Lady Bluebeard",Real,"Standalone (with guest)",Nate,3,Dr. Mara Vasquez,"The legendary real case of Belle Gunness — a Norwegian immigrant who settled in La Porte Indiana in the early 1900s and became one of America's most prolific female serial killers. She placed personal ads in Norwegian-language newspapers across the Midwest luring suitors to her farm with promises of marriage. They arrived with their life savings. They were never seen again. At least 14 confirmed victims possibly more than 40. Her farm burned down in 1908 with a headless female body inside — and the question of whether Belle actually died has never been conclusively answered.","A woman killed possibly 40 people by placing DATING ADS in newspapers. She lured men to a farm with romance and murdered them for their money. And she may have faked her own death and gotten away with it.","Audio of an old newspaper personal ad being read aloud in a formal voice: 'Comely widow of means seeks gentleman of good character for matrimonial purposes. Must be prepared to demonstrate financial stability.' Nate: 'Fourteen men answered that ad. None of them came home.' Carmen: 'DATING WAS ALWAYS DANGEROUS.'","Pure Nate research. Court documents from the La Porte County inquiry. Historical newspaper coverage. Academic sources on immigrant communities in turn-of-the-century Indiana. Dr. Vasquez provides the scholarly frame: labor migration patterns immigrant isolation the specific vulnerability of men who traveled alone to find work and community.","This is the lightest episode of the season — a palate cleanser after the Whiting Recordings. Nate tells the story with his usual rigor but the case is so wild that even he can't keep a straight face at points. Carmen is in full comedian mode — her reactions to each new detail are gold. Dr. Vasquez adds academic depth but also has dry asides that surprise both hosts. Carmen and Dr. Vasquez develop an immediate rapport: Carmen's chaos meets Mara's composure and the contrast is funny.","INTRODUCE DR. VASQUEZ. She knows Nate from Purdue Northwest — she helped him get oriented when he first arrived. She's heard the podcast and has opinions. Carmen is initially slightly performing for the guest but Mara disarms her quickly by being genuinely funny in an understated way. Reference the Whiting episodes: Carmen is still processing. Nate mentions he's been 'looking into something' but deflects when Carmen pushes. She lets it go — for now.","Carmen's running commentary on Belle's dating profile game ('She was a CATFISH. An 1890s CATFISH.'). Carmen doing an impression of Belle writing the ad. Nate reading the increasingly desperate letters from suitors with perfect deadpan. Dr. Vasquez's devastatingly dry observation that 'the men weren't stupid — they were lonely. There's a difference.' Carmen: '...okay that just made me sad.' Full MST3K energy on the investigative failures.","Lighter horror but still present: the pig pen. What was found buried on the farm. The headless body. The possibility that Belle Gunness is still out there somewhere — a woman who killed dozens of people and simply walked away. Dr. Vasquez's quiet note about how many immigrant workers disappeared in this era with no record at all.","None explicit. But Dr. Vasquez mentions the industrial boom that brought workers to the Calumet Region — 'the same forces that brought Belle's victims to La Porte brought thousands to the steel mills.' Context that will resonate later when the foundry becomes central.","Palate cleanser after Eps 4-5. Introduce Dr. Vasquez as a recurring character. Lighter tone but not lightweight — the case is genuinely horrifying beneath the comedy. Establish the three-speaker dynamic for future guest episodes.","Carmen: 'After the Whiting thing I needed something... less personal.' Nate references his ongoing foundry research obliquely. Dr. Vasquez mentions similar patterns of institutional blindness across eras — thematic connection to the foundry arc without naming it.","Carmen: 'Okay so next week Nate has something. He won't tell me what it is but he's been weird about it.' Nate: 'I haven't been weird.' Carmen: 'You've been driving to the Dunes at night. That's weird.'","Lightest episode of the season. Starts fun and stays mostly fun. The horror is historical enough to feel safe. The comedy is at its peak. But underneath there's a current of sadness about invisible victims that connects to the larger season themes.","The first three-speaker episode. The dynamic between Carmen and Dr. Vasquez should click immediately. This episode should feel like a reward for the audience after the intensity of Eps 4-5. Let them laugh. They'll need it."
7,"The Lake Effect","Mixed (real framework + fictional case)",Standalone,Nate,2,None,"Nate investigates an unsolved real disappearance from the Indiana Dunes in the 1980s — a young man who went to the beach with friends and never came back. Sparse records minimal investigation. The case was attributed to drowning but no body was ever recovered. While digging into the archives Nate discovers something the original investigators missed (fictional): records suggesting a SECOND person disappeared from the same stretch of beach on the same weekend. This person — a foundry night-shift worker — was never reported missing because he had no family in the area and his employer (the Meridian foundry) simply removed his name from the payroll.","Two people vanish from the same beach on the same weekend. One gets a police report. One gets erased from a payroll. The difference is who was looking for them.","Waves on Lake Michigan at night. Not gentle — the heavy industrial lakeshore sound with distant machinery. Nate's voice: 'On June 14th 1985 two people disappeared from the same half-mile of beach. Only one of them got a police report. I want to tell you about the other one.'","Nate's real case is sourced from original police records and newspaper archives. The fictional second disappearance is 'discovered' through foundry employment records he obtained from a historical archive — a payroll ledger showing a name crossed out with no termination date and no forwarding address. Carmen is disturbed by how easy it was to erase someone.","This is where the real/fictional line blurs ON PURPOSE for the first time. Nate presents both disappearances with equal rigor — same tone same level of detail same citation style. Carmen can't tell which is real and which isn't (and neither can the audience). She asks 'Is this real?' at one point and Nate says 'Does it matter? This is what happens to people nobody's looking for.' It's the thesis statement of the show.","Carmen is quieter in this episode — still herself but the Whiting episodes changed something. She's taking the stories more personally. At one point she mentions her grandfather coming to NWI for mill work and says 'He could have been that guy. If things had gone different he could have been the name crossed off a list.' Nate doesn't respond right away. He knows this hit close to home.","Less comedy than usual. Carmen's humor is present but subdued — more wry observations than full riffs. A dark-humor moment about the foundry's HR practices ('So their offboarding process was just... a pencil eraser?'). Nate appreciates the joke more than usual because they both need it.","Lake Michigan at night is inherently terrifying — the undertow the cold the darkness. The specific horror of the Dunes at night — industrial on one side wilderness on the other. The payroll ledger with a name erased. The idea that someone can work and live in a community and when they vanish the only record is a pencil line through their name.","DIRECT. The fictional victim worked night shifts at the Meridian foundry. The foundry erased his records. Carmen: 'That place is like a black hole. Things go in and don't come out.' Nate doesn't disagree.","The line between real and fictional blurs explicitly. The show's central question crystallizes: who gets remembered and who gets erased? The foundry shifts from setting to actor — it's doing things now not just existing.","Carmen references her tía Gloria and her family's mill history. The 'invisible victims' theme connects to Dr. Vasquez's comments in Ep 6. The foundry is now a pattern both hosts acknowledge.","Nate: 'Someone sent me something about the foundry. A recording. I haven't listened to it yet.' Carmen: 'What kind of recording?' Nate: 'I don't know. That's what scares me.'","Somber and atmospheric throughout. The lightest moment is the first 5 minutes. The rest is a slow descent into the horror of institutional erasure. Ends heavy.","This is a pivotal episode — the one where the show's thesis becomes text instead of subtext. The prompt needs to nail the dual-disappearance structure and make the fictional case feel as real as the real one. Nate's narration should be at its most cinematic."
8,"Tape 7",Fictional,"Found audio / recovered recording","Neither (format-breaker)",3,"Dr. Mara Vasquez (interstitials only)","Presented as a recovered audio recording. 'Tape 7' from an unlabeled box of cassettes found during the demolition of a building adjacent to the Meridian foundry in 2019. The episode IS the tape: an unidentified person recording their nighttime exploration of the foundry. Ambient sounds. Whispered narration. Unexplained noises — footsteps that don't match the explorer's machinery sounds when nothing should be running dripping water in areas with no plumbing. Dr. Vasquez provides brief contextual interstitials about the foundry's history between tape segments. Nate and Carmen bookend the episode only — they introduce the tape and react at the end. The tape cuts off mid-sentence.","Someone walked into the Meridian foundry at night with a tape recorder. The tape documents what they found. The tape ends mid-sentence. We don't know who made it or what happened to them.","No intro music. No host introduction. Just the sound of footsteps on gravel. Then a click — a tape recorder being turned on. A voice whispering: 'Okay. I'm here. Building C. The door was already open.' 30 seconds of ambient foundry sounds — creaking metal wind through broken windows distant highway. Then Nate's voice breaking in: 'We need to talk about what you're about to hear.'","The tape was found by a demolition crew and entered into an evidence log that went nowhere. Carmen obtained a digital copy through 'a friend of a friend who works for the demo company' (classic Carmen sourcing). The tape itself is unverified. Dr. Vasquez authenticated the foundry details described on the tape — the layout matches historical records.","MINIMAL HOST PRESENCE. Nate and Carmen bookend only — 3-4 minutes at the start 3-4 minutes at the end. The middle is the tape with Dr. Vasquez interstitials. In the bookends: both hosts are subdued. This tape rattled them. Carmen: 'I didn't sleep after I heard this.' Nate: 'Neither did I.' No bickering. No comedy. They're on the same side of whatever this is.","In the brief bookend segments the audience should feel that Nate and Carmen have been talking about this OFF MIC. There's a weight between them — they've been processing this together privately. Carmen: 'We almost didn't air this.' Nate: 'We talked about it.' Carmen: 'A lot.' This implies a relationship deeper than what the audience usually sees.","None. This episode has zero comedy. The absence of humor IS the statement.","The entire episode. The foundry at night through audio only. The explorer's breathing getting faster. The sound of machinery that shouldn't be running. A door closing in the distance — the explorer didn't close it. The whispered narration becoming increasingly panicked. Dripping water. And then the tape just stops. Mid-word.","CENTRAL. The entire episode takes place at/about the Meridian foundry. Dr. Vasquez provides historical context: when it was built who owned it what it produced the environmental violations the labor disputes the mysterious fire in 1989 that destroyed records.","Format-breaking episode that resets audience expectations. Pure atmosphere and horror. The foundry becomes a CHARACTER through audio. This is the episode that proves the show can be genuinely frightening — no comedy safety net.","The tape connects to the Whiting Recordings (Eps 4-5) — similar cassette format similar sense of someone documenting something they shouldn't be. The foundry details match what Nate has mentioned in Eps 1 3 5 and 7. Dr. Vasquez's history fills in gaps.","No traditional tease. The episode ends with the tape cutting out. Then Nate's voice: 'We'll be back next week. We have a lot to talk about.' Silence. Credits.","Dread from the first second. No warmth. No comfort. No humor. Pure slow-building atmospheric horror. This is the scariest thing the show has ever done. The silence at the end should feel like a void.","COMPLETELY DIFFERENT PRODUCTION from every other episode. The prompt needs to focus on the tape content — the explorer's descriptions the ambient sounds the escalating tension. The host bookends should be written separately. Consider whether Speechify can handle this format or if it needs creative prompt engineering to produce the found-footage feeling."
9,"The Meridian Line Part 1",Fictional,Part 1 of 3,Both,2,None,"Nate has been quietly investigating the Meridian foundry for weeks — off mic between episodes. He lays out EVERYTHING: the connections across Episodes 1 3 4 5 7 and 8. The witness near the foundry in the Borman Lights case. Peterson's associate. The shell company from the Whiting recordings. The erased worker from the Lake Effect. The tape. He's mapped it on a timeline and the pattern is undeniable: for decades people have been disappearing in the orbit of this building. Carmen starts the episode joking but grows increasingly serious as the scope becomes clear. Part 1 ends with Nate revealing that someone has been leaving him messages — physical notes on his car at Purdue — from someone who knows he's been looking into the foundry.","Every case this season connects to one building. It's not a coincidence. And someone knows Nate has figured it out.","A montage of audio callbacks from previous episodes — brief clips: the Borman lights the Whiting tapes the Lake Michigan waves the foundry tape. Layered building. Then Nate's voice cutting through: 'I need to tell you something. I should have said this weeks ago.'","Nate has compiled his own research — his wall of string-connected documents is now specifically about the foundry. He's pulled property records corporate filings environmental reports EPA violation records and historical employment data. Carmen brought what she has too — the Reddit threads the community knowledge the Whiting tapes. For the first time their sources MERGE.","This is the collaboration episode. They're not alternating — they're working together building the case in real time on mic. Carmen drops the comedy earlier than any previous episode. By the midpoint she's doing something she's never done on the show: she's scared. Not horror-movie scared. Really scared. For Nate. The notes on his car mean someone is watching. Carmen: 'You need to stop.' Nate: 'I can't.' Carmen: 'Nate.' Nate: 'I found something.' Carmen: 'I know. That's why you need to stop.'","The notes on Nate's car bring the danger into their real lives for the first time. Carmen's fear for Nate is personal — not performer fear but friend fear. There should be a moment where she says something like 'I'm not doing this show if something happens to you' and she means it. The audience should feel the relationship underneath the podcast — these are real people who care about each other and the situation has escalated beyond entertainment.","Almost none. Carmen makes one early joke ('So I'm guessing this isn't a fun one') that gets a flat 'No' from Nate. That's it. The absence of humor from Carmen — the loudest funniest person in the room going quiet — should unsettle the audience more than any sound effect.","The scope. The timeline. Seeing all the connections laid out at once and understanding that this has been happening for DECADES. The notes on Nate's car — someone is watching. The foundry as a nexus of disappearance. The institutional machinery that kept it invisible. And underneath it all: the knowledge that both hosts are now personally involved in something they started as entertainment.","CENTRAL. This is the foundry's episode. Everything converges.","The season's central mystery begins in earnest. All previous episodes get recontextualized. The hosts are no longer just telling stories — they're IN one. The power dynamic between hosts and material shifts.","Every episode from 1-8 is referenced explicitly. This is the 'Previously On' episode — the audience needs to see all the threads at once.","Nate: 'Someone wants me to find something at the foundry. Next week... I think I'm going to find it.' Carmen: 'We. WE are going to find it.' End.","Starts with false normalcy that drains within minutes → methodical investigation building → growing dread as connections accumulate → genuine fear when the notes are revealed → Cliffhanger ending.","The recap of all previous episodes needs to feel like revelation not summary. The audience should be going 'oh my god' as they see the connections. The notes on Nate's car escalate from investigation to thriller. This episode changes what the show IS."
10,"The Meridian Line Part 2","Mixed (real case recontextualized)",Part 2 of 3,Nate,3,Dr. Mara Vasquez,"Nate revisits a real case covered earlier in the season (Maust or Peterson — whichever works better) with new FICTIONAL information that connects it to the foundry. Dr. Vasquez provides historical context about the foundry's owners: the Meridian Steel Company its political connections its history of environmental violations and the 1989 fire that destroyed employment records. The episode asks the central question: what happened at the foundry that nobody investigated because the people involved — immigrants night-shift workers people without connections — didn't matter to the people in charge? Carmen is angry. Not comedian-angry. Actually angry. This is the most emotionally intense episode of the season.","The foundry wasn't just a building where bad things happened. It was a machine for making people invisible. And the people who ran it had the connections to keep it that way.","Dr. Vasquez's voice reading from a historical record: 'Meridian Steel Company — incorporated 1923. Principal shareholders...' She pauses. 'I probably shouldn't say these names on air.' Nate: 'Say them.' A beat. She does.","Nate's research plus Dr. Vasquez's academic and archival work. Property records corporate filings EPA violation history political donation records. This is the most heavily cited episode of the season — every claim is sourced. Carmen contributes community knowledge: families who worked at the foundry. 'My abuela's neighbor — his son worked there in the 70s. He doesn't talk about it.'","Dr. Vasquez anchors this episode. She's not the quirky guest from Ep 6 — she's a historian delivering testimony. Nate defers to her expertise. Carmen is the audience surrogate but angrier than the audience — this is HER community that was victimized. The dynamic shifts to Carmen as moral center: she's not cracking jokes because this isn't funny. She's asking 'why didn't anyone care?' and the answer is the horror.","Carmen connects the foundry's workers to her own family. Her grandparents worked in the mills. The people who disappeared from the foundry's orbit were people like her family. This is personal for her in a way it can't be for Nate and she says so: 'You can research this and go home. I AM home. These are my people.' Nate doesn't argue. He knows she's right. It's the most honest moment in the series.","None. Zero humor. The absence should feel heavy and intentional. If anything Nate might attempt his usual dry aside at one point and Carmen doesn't respond to it — she's past that. He reads the room and stops.","Institutional horror. The foundry's corporate owners had connections to local government. EPA violations were filed and shelved. The 1989 fire — was it accidental? Employment records destroyed. The workers who disappeared were undocumented or transient or simply people nobody was tracking. The system didn't fail. The system worked exactly as designed — for certain people.","CENTRAL. The foundry's full history is laid out. The institutional machinery of erasure is documented. The political connections are named.","A real case gets reframed through the foundry connection. The show's thesis is delivered explicitly through Carmen's anger and Dr. Vasquez's scholarship. This is the emotional climax of the season.","Direct continuation of Ep 9. Recontextualizes Eps 2 or 3. Dr. Vasquez's comments from Ep 6 about immigrant workers become prophetic.","Carmen: 'Tomorrow night. The foundry. We're going.' Nate: 'Carmen—' Carmen: 'Don't. We're going.'","Pure intensity. Starts heavy and gets heavier. No comic relief. No lighter moments. The anger and sadness should be sustained for 25+ minutes. This is the episode that earns every lighter moment the show has ever had.","The most emotionally demanding episode. Carmen's anger needs to feel real — not performed righteous rage but the specific anger of someone whose community was targeted. Dr. Vasquez provides the evidence. Nate provides the structure. Carmen provides the soul."
11,"The Meridian Line Part 3",Fictional,Part 3 of 3,Both,2,None,"The season's climax. The messages Nate received lead to the foundry itself — and what they find there (described in narration not as an actual visit) is not a dramatic twist but a slow-dawning realization about SCALE. Not a monster. Not a conspiracy. Something worse: indifference. Decades of people disappearing in the orbit of a building owned by people with the power to make questions go away. Not because anyone orchestrated mass murder but because no one cared enough to ask what was happening to the people who worked there lived near there passed through there. The horror is banal. The episode ends not with resolution but with the hosts sitting in silence processing what they've found. Then Carmen quietly: 'So what do we do now?'","The monster at the center of the labyrinth isn't a monster. It's a shrug. It's paperwork. It's the discovery that nobody did this TO these people — they just didn't do anything FOR them.","Silence. Ten full seconds of nothing. Then Nate's voice very quiet: 'We went to the foundry.' Another pause. 'I don't know how to tell you what we found. I've been trying to write this for three days. Carmen usually tells me I overthink things.' Carmen's voice equally quiet: 'Not this time.'","Both hosts presenting together. Nate brings the documentary evidence. Carmen brings the human dimension — she talked to people in the community. Families. Descendants. People who had questions nobody ever answered. Their sources merge completely: Nate's archives and Carmen's community network telling the same story from different angles.","They're in sync for the first time all season. No bickering. No comedy. No source-quality debate. They finish each other's thoughts — not as a bit but because they've been processing this together and have arrived at the same understanding. The dynamic is two people holding something heavy together because neither can hold it alone. When Carmen says 'So what do we do now?' it's not a rhetorical question. She's asking Nate. She's asking the audience. She doesn't have a punchline.","The most personal episode. Carmen talks about her grandmother — what she sacrificed to come to the Region what she endured what she never talked about. Nate admits that he came to NWI as an outsider studying it like a subject and that this year on the podcast changed that — the Region isn't a subject to him anymore. It's home. Carmen: 'Took you long enough.' But she's not joking this time. She means it. She's glad.","None. The lightest moment is Carmen saying 'Took you long enough' and even that is weighted with sincerity.","The banal horror of institutional indifference. The foundry itself — crumbling rusted a ruin — is not threatening. It's empty. The horror is in the records: names crossed off payrolls. EPA reports filed and shelved. Families who never got answers. The realization that this will never be fully resolved because the system designed to resolve it is the same system that caused it.","CENTRAL. The foundry investigation reaches its conclusion — not a dramatic reveal but a dawning understanding.","Season climax. The thesis statement is delivered. The hosts are changed by what they've found. Every previous episode is recontextualized. The show has completed its journey from entertainment to something else.","Every episode. The full season is the callback. Every foundry mention every disappeared person every institutional failure — it all converges.","No traditional tease. Carmen: 'So what do we do now?' Silence. Credits.","The heaviest episode. Starts heavy. Stays heavy. No relief. But also: not hopeless. There's something in the act of telling these stories — of saying these names — that matters. The episode should feel like grief not despair.","The hardest episode to produce. The prompt needs to convey scale without spectacle. The horror needs to be quiet not loud. Nate and Carmen need to sound like real people at the end of something not performers delivering a finale. The silence at the end should feel like the silence after a funeral."
12,"Signal and Noise (Season Finale)",Mixed,"Season wrap / reflection / tease",Both,3,Dr. Mara Vasquez,"Nate and Carmen reflect on the season. They revisit key moments. They acknowledge what they got right and wrong. They talk about what it was like to investigate stories that blur the line between real and invented — and whether that line matters as much as they thought it did. Dr. Vasquez joins for a segment on the Region's future — not just its past. The episode is warmer and more personal than anything else in the season. The hosts let their guard down. Carmen talks about what the podcast has meant to her. Nate talks about what NWI has become to him. Then: the final two minutes. A 'post-credits' audio clip. A new message. The foundry story isn't over. Nate: 'We got another message.' Silence. End of season.","After everything — is the act of telling these stories enough? And: it's not over.","Theme music plays fully for the first time all season — not cut short not interrupted. Then Carmen's voice warm and relaxed: 'So. Season One.' Nate: 'Season One.' Carmen: 'We made it.' Nate: 'Barely.' Carmen laughs. A real laugh. It's the best sound in the whole series.","No case research this episode. They're reflecting not investigating. The 'sources' are their own experiences and each other. Dr. Vasquez brings perspective on the Region's trajectory — academic but personal.","Warmest dynamic of the season. The bickering is back but it's affectionate — the tension of Eps 9-11 has released. They're comfortable again. They tease each other. Carmen's comedy returns. Nate's dry humor resurfaces. They sound like two people who went through something together and came out the other side closer. Dr. Vasquez provides the grownup perspective — she's been through versions of this before. She grounds them.","MOST PERSONAL EPISODE. Carmen says the podcast saved her — not dramatically but honestly. She was drowning in a corporate job in a town she'd left and come back to for the wrong reasons and the show gave her a reason to care about the Region again instead of resenting it. Nate says he came to NWI as a researcher and the podcast made him a resident. 'I live here now. Not just geographically.' The dating-history joke should make its final appearance: Carmen: 'And to think — if we hadn't broken up we never would have been good enough friends for this.' Nate: 'That's... actually the nicest thing you've ever said to me.' Carmen: 'Don't get used to it.'","Comedy returns. Carmen roasts Nate's research wall. Nate roasts Carmen's Reddit sourcing. They do a 'highlight reel' of their best arguments from the season. Carmen does an impression of Nate reading court documents. Nate does a terrible impression of Carmen gasping. Dr. Vasquez: 'You're both ridiculous and I'm honored to know you.' Carmen: 'See THAT'S how you give a compliment professor.'","Minimal — this is a warm episode. The only horror is in the post-credits tease: the implication that the foundry story continues. A new message. An unknown sender. The season ends on a whisper of dread after 25 minutes of warmth — making the dread hit harder.","Discussed explicitly. They talk about the foundry openly — what they found what it means what they still don't know. The post-credits tease implies Season 2 will go deeper.","Season wrap. Emotional payoff for the host relationship arc. Setup for Season 2. The post-credits tease should feel like a cold hand on the back of your neck after 25 minutes of sitting by a fire.","The entire season. Specific callbacks to favorite moments arguments and discoveries. The dating-history joke gets its final and best iteration.","Nate (after credits appear to be rolling): 'We got another message.' Long silence. Carmen doesn't speak. Wind. End.","Warm warm warm warm warm → post-credits COLD. The contrast is the point. The warmth makes the final chill devastating. The audience should feel safe and then suddenly not.","The post-credits tease is the most important 30 seconds of the season. Everything before it is earned — let the hosts be human and funny and warm. Then pull the rug. The message implies Season 2. Leave EVERYTHING about it ambiguous."
